id,title,release_year,artist_id,cover_url,created_at
684,01,,1,,2026-01-18 01:12:57.575446
822,02,,1,,2026-01-18 01:12:57.761065
812,04,,1,,2026-01-18 01:12:57.746742
750,05,,1,,2026-01-18 01:12:57.663965
749,07,,1,,2026-01-18 01:12:57.661963
541,094,,1,,2026-01-18 01:12:57.377461
540,095,,1,,2026-01-18 01:12:57.376452
539,096,,1,,2026-01-18 01:12:57.374525
536,099,,1,,2026-01-18 01:12:57.370961
535,100 Hino-100,,1,,2026-01-18 01:12:57.369955
531,104,,1,,2026-01-18 01:12:57.363916
530,105 Hino-105,,1,,2026-01-18 01:12:57.362909
528,107 Hino 107,,1,,2026-01-18 01:12:57.359767
527,108,,1,,2026-01-18 01:12:57.358769
526,109,,1,,2026-01-18 01:12:57.357770
718,11,,1,,2026-01-18 01:12:57.620366
518,113,,1,,2026-01-18 01:12:57.346321
517,114,,1,,2026-01-18 01:12:57.344320
515,116,,1,,2026-01-18 01:12:57.342312
512,118,,1,,2026-01-18 01:12:57.338245
717,12,,1,,2026-01-18 01:12:57.619359
511,120,,1,,2026-01-18 01:12:57.337245
510,121,,1,,2026-01-18 01:12:57.335239
509,122,,1,,2026-01-18 01:12:57.333577
615,124,,1,,2026-01-18 01:12:57.482549
614,125,,1,,2026-01-18 01:12:57.481543
606,126 Hino-126,,1,,2026-01-18 01:12:57.470830
508,127,,1,,2026-01-18 01:12:57.332185
507,128,,1,,2026-01-18 01:12:57.331184
716,13,,1,,2026-01-18 01:12:57.617563
505,130,,1,,2026-01-18 01:12:57.328566
499,134,,1,,2026-01-18 01:12:57.319791
498,135,,1,,2026-01-18 01:12:57.317798
495,138,,1,,2026-01-18 01:12:57.312027
715,14,,1,,2026-01-18 01:12:57.616596
494,140,,1,,2026-01-18 01:12:57.312027
492,141,,1,,2026-01-18 01:12:57.309741
489,144,,1,,2026-01-18 01:12:57.306742
483,150,,1,,2026-01-18 01:12:57.298854
482,151,,1,,2026-01-18 01:12:57.294827
479,155,,1,,2026-01-18 01:12:57.291937
478,156,,1,,2026-01-18 01:12:57.290032
714,16,,1,,2026-01-18 01:12:57.615598
121,161,,1,,2026-01-18 01:12:56.812164
470,167,,1,,2026-01-18 01:12:57.278987
469,168,,1,,2026-01-18 01:12:57.276920
713,17,,1,,2026-01-18 01:12:57.613596
465,171 Hino 171,,1,,2026-01-18 01:12:57.271912
460,175 Hino 175,,1,,2026-01-18 01:12:57.265666
523,176,,1,,2026-01-18 01:12:57.352930
459,177,,1,,2026-01-18 01:12:57.264213
458,178,,1,,2026-01-18 01:12:57.262267
457,179,,1,,2026-01-18 01:12:57.261267
712,18,,1,,2026-01-18 01:12:57.612589
456,181,,1,,2026-01-18 01:12:57.260265
451,187,,1,,2026-01-18 01:12:57.253111
450,189,,1,,2026-01-18 01:12:57.251737
711,19,,1,,2026-01-18 01:12:57.610605
448,191,,1,,2026-01-18 01:12:57.249738
447,192,,1,,2026-01-18 01:12:57.247737
443,197,,1,,2026-01-18 01:12:57.241601
592,198 Hino-198,,1,,2026-01-18 01:12:57.450756
151,2 Timóteo 2:22,,1,,2026-01-18 01:12:56.851758
710,20,,1,,2026-01-18 01:12:57.609238
441,201 Hino-201,,1,,2026-01-18 01:12:57.239596
440,202 Hino-202,,1,,2026-01-18 01:12:57.237829
439,203,,1,,2026-01-18 01:12:57.236790
437,206 Hino-206,,1,,2026-01-18 01:12:57.234179
435,208 Hino-208,,1,,2026-01-18 01:12:57.232094
434,209,,1,,2026-01-18 01:12:57.229999
431,212,,1,,2026-01-18 01:12:57.226642
430,213,,1,,2026-01-18 01:12:57.225169
429,214,,1,,2026-01-18 01:12:57.224168
428,215,,1,,2026-01-18 01:12:57.222134
424,222,,1,,2026-01-18 01:12:57.216723
423,223,,1,,2026-01-18 01:12:57.215481
422,224 Hino-224,,1,,2026-01-18 01:12:57.213912
420,225,,1,,2026-01-18 01:12:57.211160
419,226,,1,,2026-01-18 01:12:57.210161
418,227,,1,,2026-01-18 01:12:57.209153
417,228,,1,,2026-01-18 01:12:57.207668
416,229,,1,,2026-01-18 01:12:57.205669
709,23,,1,,2026-01-18 01:12:57.608236
413,232 Hino-232,,1,,2026-01-18 01:12:57.202662
412,233,,1,,2026-01-18 01:12:57.200938
411,234 Hino-234,,1,,2026-01-18 01:12:57.199938
409,237,,1,,2026-01-18 01:12:57.196938
406,240,,1,,2026-01-18 01:12:57.192898
405,241,,1,,2026-01-18 01:12:57.191899
400,246,,1,,2026-01-18 01:12:57.185110
399,247,,1,,2026-01-18 01:12:57.184112
396,250 Hino-250,,1,,2026-01-18 01:12:57.180136
394,253,,1,,2026-01-18 01:12:57.177131
387,260,,1,,2026-01-18 01:12:57.167077
591,261,,1,,2026-01-18 01:12:57.450756
385,262 Hino 262,,1,,2026-01-18 01:12:57.165077
382,268,,1,,2026-01-18 01:12:57.161368
381,269,,1,,2026-01-18 01:12:57.159225
375,276 Hino 276,,1,,2026-01-18 01:12:57.151943
373,278 Hino 278,,1,,2026-01-18 01:12:57.149528
369,280,,1,,2026-01-18 01:12:57.143658
368,281,,1,,2026-01-18 01:12:57.142659
367,282,,1,,2026-01-18 01:12:57.140644
366,283 Hino,,1,,2026-01-18 01:12:57.139602
365,284,,1,,2026-01-18 01:12:57.139012
363,286,,1,,2026-01-18 01:12:57.136013
1,288,,1,,2026-01-18 01:12:56.653667
113,293,,1,,2026-01-18 01:12:56.801911
358,297 Hino 297,,1,,2026-01-18 01:12:57.129353
353,301 Hino 301,,1,,2026-01-18 01:12:57.122477
352,304,,1,,2026-01-18 01:12:57.121481
351,305 Hino 305,,1,,2026-01-18 01:12:57.120472
350,306,,1,,2026-01-18 01:12:57.118767
349,307 Hino 307,,1,,2026-01-18 01:12:57.117343
348,308,,1,,2026-01-18 01:12:57.116310
590,308 Hino 308,,1,,2026-01-18 01:12:57.449524
347,309 Hino 309,,1,,2026-01-18 01:12:57.115311
346,311,,1,,2026-01-18 01:12:57.114310
344,313 Hino 313,,1,,2026-01-18 01:12:57.111776
343,315,,1,,2026-01-18 01:12:57.109922
342,317,,1,,2026-01-18 01:12:57.108922
340,319,,1,,2026-01-18 01:12:57.106801
339,322,,1,,2026-01-18 01:12:57.104709
110,324,,1,,2026-01-18 01:12:56.797438
336,325 Hino,,1,,2026-01-18 01:12:57.101229
330,331,,1,,2026-01-18 01:12:57.093003
167,334 H 334,,1,,2026-01-18 01:12:56.873212
325,336,,1,,2026-01-18 01:12:57.086999
324,337,,1,,2026-01-18 01:12:57.085998
323,338,,1,,2026-01-18 01:12:57.083911
322,339,,1,,2026-01-18 01:12:57.083070
321,340,,1,,2026-01-18 01:12:57.082063
320,341,,1,,2026-01-18 01:12:57.080394
319,342,,1,,2026-01-18 01:12:57.079397
309,343,,1,,2026-01-18 01:12:57.065460
273,344,,1,,2026-01-18 01:12:57.017418
108,346,,1,,2026-01-18 01:12:56.795210
269,348,,1,,2026-01-18 01:12:57.012153
261,355,,1,,2026-01-18 01:12:57.000463
256,360 Hino 360,,1,,2026-01-18 01:12:56.994084
249,365,,1,,2026-01-18 01:12:56.983883
248,366,,1,,2026-01-18 01:12:56.982883
225,367,,1,,2026-01-18 01:12:56.950407
304,369,,1,,2026-01-18 01:12:57.058315
303,370,,1,,2026-01-18 01:12:57.057315
228,371,,1,,2026-01-18 01:12:56.955027
218,372,,1,,2026-01-18 01:12:56.941398
208,374,,1,,2026-01-18 01:12:56.927870
207,375,,1,,2026-01-18 01:12:56.926871
130,378,,1,,2026-01-18 01:12:56.823198
355,379 Hino 379,,1,,2026-01-18 01:12:57.124479
106,381,,1,,2026-01-18 01:12:56.792477
205,384,,1,,2026-01-18 01:12:56.924113
222,385 Hino 385,,1,,2026-01-18 01:12:56.946137
275,387 Hino 387,,1,,2026-01-18 01:12:57.020418
201,389 Hino 389,,1,,2026-01-18 01:12:56.918726
232,390 Hino 390,,1,,2026-01-18 01:12:56.962034
200,391 Hino 391,,1,,2026-01-18 01:12:56.916844
301,394,,1,,2026-01-18 01:12:57.054473
466,396 Hino 396,,1,,2026-01-18 01:12:57.273917
327,4 por um,,1,,2026-01-18 01:12:57.089671
300,400,,1,,2026-01-18 01:12:57.053465
299,401,,1,,2026-01-18 01:12:57.048835
199,403,,1,,2026-01-18 01:12:56.916389
187,405,,1,,2026-01-18 01:12:56.899700
294,407,,1,,2026-01-18 01:12:57.045723
198,410,,1,,2026-01-18 01:12:56.914885
293,411,,1,,2026-01-18 01:12:57.043722
297,412,,1,,2026-01-18 01:12:57.048835
371,416,,1,,2026-01-18 01:12:57.146361
291,422,,1,,2026-01-18 01:12:57.041900
290,423,,1,,2026-01-18 01:12:57.035760
289,424 Hino 424,,1,,2026-01-18 01:12:57.035760
280,425 Hino 425,,1,,2026-01-18 01:12:57.027199
279,426,,1,,2026-01-18 01:12:57.025201
288,430,,1,,2026-01-18 01:12:57.035760
287,431,,1,,2026-01-18 01:12:57.035760
196,432,,1,,2026-01-18 01:12:56.911832
286,434 Hino 434,,1,,2026-01-18 01:12:57.035238
380,436,,1,,2026-01-18 01:12:57.158218
182,444,,1,,2026-01-18 01:12:56.892635
283,450 Hino 450,,1,,2026-01-18 01:12:57.030666
310,452 Hino 452,,1,,2026-01-18 01:12:57.066460
174,455,,1,,2026-01-18 01:12:56.881801
329,458,,1,,2026-01-18 01:12:57.092001
169,464,,1,,2026-01-18 01:12:56.875830
165,472,,1,,2026-01-18 01:12:56.870677
164,473,,1,,2026-01-18 01:12:56.868419
452,474,,1,,2026-01-18 01:12:57.255117
313,476,,1,,2026-01-18 01:12:57.071571
314,477,,1,,2026-01-18 01:12:57.072572
282,480 Hino 480,,1,,2026-01-18 01:12:57.029196
155,497,,1,,2026-01-18 01:12:56.857179
154,498,,1,,2026-01-18 01:12:56.856180
278,499,,1,,2026-01-18 01:12:57.024198
212,79,,1,,2026-01-18 01:12:56.933153
543,92,,1,,2026-01-18 01:12:57.380458
93,A Bíblia Cantada,,1,,2026-01-18 01:12:56.775697
689,A Esperança do nosso Chamamento,,1,,2026-01-18 01:12:57.582454
723,A Esperança do nosso chamamento,,1,,2026-01-18 01:12:57.626789
276,A Fé Do Evangelho,,1,,2026-01-18 01:12:57.021639
143,A Fé do Evangelho,,1,,2026-01-18 01:12:56.841149
115,A Luz da Vida,,1,,2026-01-18 01:12:56.803917
42,Aline Barros,,1,,2026-01-18 01:12:56.709280
61,Alumiar,,1,,2026-01-18 01:12:56.733985
116,Anelo do Rei,,1,,2026-01-18 01:12:56.804917
114,Apenas Te olhar,,1,,2026-01-18 01:12:56.802918
728,Apenas te Olhar,,1,,2026-01-18 01:12:57.634084
824,Asas de Águia,,1,,2026-01-18 01:12:57.763532
150,Bom Bom Deposito,,1,,2026-01-18 01:12:56.850759
148,Bom Deposito Vol. 05,,1,,2026-01-18 01:12:56.848646
147,Bom Depósito,,1,,2026-01-18 01:12:56.846229
379,Bom Depósito 4,,1,,2026-01-18 01:12:57.152943
171,Bom Depósito 5,,1,,2026-01-18 01:12:56.877914
308,Bom Depósito V.01,,1,,2026-01-18 01:12:57.063374
149,Bom Depósito Vol. 04,,1,,2026-01-18 01:12:56.849757
146,Bom Depósito Vol. 05,,1,,2026-01-18 01:12:56.845230
15,Bom Depósito Vol.1,,1,,2026-01-18 01:12:56.674002
45,Bom depósito vol 02,,1,,2026-01-18 01:12:56.713286
32,Bom depósito vol. 01,,1,,2026-01-18 01:12:56.695932
696,Bom depósito vol. 2,,1,,2026-01-18 01:12:57.591332
802,C-23,,1,,2026-01-18 01:12:57.728405
811,C03,,1,,2026-01-18 01:12:57.744759
757,C05,,1,,2026-01-18 01:12:57.673277
659,C100,,1,,2026-01-18 01:12:57.541843
668,C11,,1,,2026-01-18 01:12:57.553307
667,C12,,1,,2026-01-18 01:12:57.552305
754,C13,,1,,2026-01-18 01:12:57.669320
666,C14,,1,,2026-01-18 01:12:57.551305
753,C15,,1,,2026-01-18 01:12:57.668318
752,C16,,1,,2026-01-18 01:12:57.666240
803,C22,,1,,2026-01-18 01:12:57.728405
800,C27,,1,,2026-01-18 01:12:57.728405
799,C28,,1,,2026-01-18 01:12:57.728405
798,C30,,1,,2026-01-18 01:12:57.726982
797,C31,,1,,2026-01-18 01:12:57.725982
796,C32,,1,,2026-01-18 01:12:57.724982
794,C40,,1,,2026-01-18 01:12:57.721443
763,C45,,1,,2026-01-18 01:12:57.680128
762,C46,,1,,2026-01-18 01:12:57.680128
760,C48,,1,,2026-01-18 01:12:57.677308
759,C49,,1,,2026-01-18 01:12:57.676311
758,C50,,1,,2026-01-18 01:12:57.675309
734,C51,,1,,2026-01-18 01:12:57.642927
731,C54,,1,,2026-01-18 01:12:57.638628
730,C57,,1,,2026-01-18 01:12:57.637085
729,C59,,1,,2026-01-18 01:12:57.635084
721,C65,,1,,2026-01-18 01:12:57.624366
720,C66,,1,,2026-01-18 01:12:57.623367
719,C67,,1,,2026-01-18 01:12:57.621367
695,C69,,1,,2026-01-18 01:12:57.590322
694,C70,,1,,2026-01-18 01:12:57.589090
693,C71,,1,,2026-01-18 01:12:57.587987
692,C72 – Não andeis ansiosos,,1,,2026-01-18 01:12:57.586589
691,C73,,1,,2026-01-18 01:12:57.585588
688,C76,,1,,2026-01-18 01:12:57.580816
686,C78,,1,,2026-01-18 01:12:57.578816
685,C79,,1,,2026-01-18 01:12:57.576810
683,C81,,1,,2026-01-18 01:12:57.573891
682,C83,,1,,2026-01-18 01:12:57.572892
680,C85,,1,,2026-01-18 01:12:57.569885
679,C86,,1,,2026-01-18 01:12:57.568136
678,C88,,1,,2026-01-18 01:12:57.567135
676,C90,,1,,2026-01-18 01:12:57.564136
675,C91,,1,,2026-01-18 01:12:57.563128
674,C92,,1,,2026-01-18 01:12:57.562021
673,C93,,1,,2026-01-18 01:12:57.560345
672,C94,,1,,2026-01-18 01:12:57.559347
663,C96,,1,,2026-01-18 01:12:57.547066
662,C97,,1,,2026-01-18 01:12:57.546065
661,C98,,1,,2026-01-18 01:12:57.545065
660,C99,,1,,2026-01-18 01:12:57.543868
204,CD,,1,,2026-01-18 01:12:56.922735
449,CD Alumiar,,1,,2026-01-18 01:12:57.250738
145,CD Bom Depósito Vol. 05,,1,,2026-01-18 01:12:56.844231
454,CD Cancões de amor,,1,,2026-01-18 01:12:57.257668
59,CD Carta Viva,,1,,2026-01-18 01:12:56.731979
266,CD Comunhão Íntima com Deus,,1,,2026-01-18 01:12:57.007622
111,CD Cristo Jesus Nossa Vida,,1,,2026-01-18 01:12:56.798437
746,CD Cristo Nossa Vida,,1,,2026-01-18 01:12:57.658477
253,CD De Volta ao Princípio,,1,,2026-01-18 01:12:56.989881
247,CD Desperta Geração,,1,,2026-01-18 01:12:56.981876
651,CD EU te amo meu amigo Jesus,,1,,2026-01-18 01:12:57.531026
609,CD Ensinando no Caminho,,1,,2026-01-18 01:12:57.474936
500,CD Espelho,,1,,2026-01-18 01:12:57.321798
333,CD Eu sou do Meu Amado,,1,,2026-01-18 01:12:57.096868
649,CD Eu te amo meu amigo Jesus,,1,,2026-01-18 01:12:57.528021
83,CD Favo de Mel,,1,,2026-01-18 01:12:56.762830
191,CD Fruto da Vida,,1,,2026-01-18 01:12:56.904482
259,CD Gerar e Multiplicar,,1,,2026-01-18 01:12:56.998921
244,CD Imensurável Amor,,1,,2026-01-18 01:12:56.977253
188,CD Jesus Cia Ltda,,1,,2026-01-18 01:12:56.900707
241,CD Jesus No Controle,,1,,2026-01-18 01:12:56.973054
186,CD Jesus e Cia Ltda,,1,,2026-01-18 01:12:56.898446
239,CD Laços de Amor,,1,,2026-01-18 01:12:56.970465
214,CD Louvai a Deus com Alegria,,1,,2026-01-18 01:12:56.936152
597,CD Maravilhoso Olhar,,1,,2026-01-18 01:12:57.458462
474,CD Memórias,,1,,2026-01-18 01:12:57.284042
127,CD No Santos Dos Santos,,1,,2026-01-18 01:12:56.820147
233,CD O Semeador,,1,,2026-01-18 01:12:56.963042
243,CD Pais e Filhos,,1,,2026-01-18 01:12:56.976254
751,CD Resgatados,,1,,2026-01-18 01:12:57.664962
595,"CD Sair, gerar, Cuidar (Que bom você ter vindo aqui)",,1,,2026-01-18 01:12:57.456029
90,CD Santo Serei,,1,,2026-01-18 01:12:56.771517
236,CD Senhor eu amo a Ti,,1,,2026-01-18 01:12:56.967375
136,CD Ser Um Jovem Para Deus,,1,,2026-01-18 01:12:56.830199
231,CD Tempo de Colher,,1,,2026-01-18 01:12:56.959136
95,CD Theo e Mia,,1,,2026-01-18 01:12:56.778278
177,CD Tocou-me,,1,,2026-01-18 01:12:56.886368
26,CD Vida Interior,,1,,2026-01-18 01:12:56.688139
461,CD Vida em Crescimento,,1,,2026-01-18 01:12:57.266673
94,CD Voz e Piano,,1,,2026-01-18 01:12:56.776704
38,CD-Alumiar,,1,,2026-01-18 01:12:56.703729
756,CD-Cancões de Amor,,1,,2026-01-18 01:12:57.672319
71,CD-Carta Viva,,1,,2026-01-18 01:12:56.746868
638,CD-Carta viva,,1,,2026-01-18 01:12:57.512215
264,CD-Comunhão Íntima Com Deus,,1,,2026-01-18 01:12:57.005276
742,CD-Cristo Jesus Nossa Esperança,,1,,2026-01-18 01:12:57.653470
740,CD-Cristo Jesus Nossa esperança,,1,,2026-01-18 01:12:57.650654
254,CD-De Volta ao Principio,,1,,2026-01-18 01:12:56.991884
627,CD-Feliz e Abençoado,,1,,2026-01-18 01:12:57.498537
735,CD-Fluir do Espirito,,1,,2026-01-18 01:12:57.643927
62,CD-Imensurável Amor,,1,,2026-01-18 01:12:56.734986
755,CD-Irmãos de Campinas,,1,,2026-01-18 01:12:57.670320
636,CD-Laços de Amor,,1,,2026-01-18 01:12:57.510216
586,CD-Mais que vencedores,,1,,2026-01-18 01:12:57.443974
229,CD-Não Pararei de Correr,,1,,2026-01-18 01:12:56.955027
739,CD-O Evangelho tem que avançar,,1,,2026-01-18 01:12:57.648656
736,CD-O Fluir do Espirito,,1,,2026-01-18 01:12:57.645335
741,CD-O Fluir do Espírito,,1,,2026-01-18 01:12:57.651966
612,CD-O Semeador,,1,,2026-01-18 01:12:57.478652
633,CD-O Senhor insiste em me fazer Reinar,,1,,2026-01-18 01:12:57.506428
795,CD-Resgatados,,1,,2026-01-18 01:12:57.723317
584,"CD-Sair, Gerar, Cuidar",,1,,2026-01-18 01:12:57.441639
56,CD-Senhor Amo a Ti,,1,,2026-01-18 01:12:56.728361
611,CD-Senhor Eu Amo a Ti,,1,,2026-01-18 01:12:57.477024
81,CD-Solta o pino da granada,,1,,2026-01-18 01:12:56.760524
639,CD-Sublime Privilégio,,1,,2026-01-18 01:12:57.514194
57,CD-Tempo de Colher,,1,,2026-01-18 01:12:56.729369
53,CD-Théo e Mia,,1,,2026-01-18 01:12:56.724239
203,CD-Tocou-me,,1,,2026-01-18 01:12:56.920734
112,Caminho Seguro,,1,,2026-01-18 01:12:56.800454
670,Cancões de Amor,,1,,2026-01-18 01:12:57.556094
13,Cantor Cristão,,1,,2026-01-18 01:12:56.671002
669,Canções de Amor,,1,,2026-01-18 01:12:57.555038
5,Carta Viva,,1,,2026-01-18 01:12:56.660364
272,Carta Viva-Melodia Alternativa,,1,,2026-01-18 01:12:57.016412
101,Carta viva,,1,,2026-01-18 01:12:56.786084
84,Certamente que a palavra da cruz..,,1,,2026-01-18 01:12:56.763965
60,Colossenses,,1,,2026-01-18 01:12:56.732986
37,Colossensses 3:16,,1,,2026-01-18 01:12:56.702724
727,Com Asas de Águia,,1,,2026-01-18 01:12:57.633080
743,Como Asas de Águia,,1,,2026-01-18 01:12:57.654476
260,Comunhão Íntima Com Deus,,1,,2026-01-18 01:12:57.000463
263,Comunhão Íntima com Deus,,1,,2026-01-18 01:12:57.004269
658,Comunhão íntima com Deus,,1,,2026-01-18 01:12:57.540228
10,"Conf, Inter Fevereiro de 2025",,1,,2026-01-18 01:12:56.667135
68,Conferência GF,,1,,2026-01-18 01:12:56.743679
70,Conferência GS,,1,,2026-01-18 01:12:56.745869
64,Conferência de Jovens,,1,,2026-01-18 01:12:56.737986
359,Confiar Nele,,1,,2026-01-18 01:12:57.130350
119,Conquistar o Reino,,1,,2026-01-18 01:12:56.809165
745,Consolo Na Comunhão,,1,,2026-01-18 01:12:57.657480
100,Consolo na Comunhão,,1,,2026-01-18 01:12:56.784232
41,Consolo na comunhão,,1,,2026-01-18 01:12:56.707731
99,Coração Aberto,,1,,2026-01-18 01:12:56.783226
600,Cristo Jesus Nossa Esperança,,1,,2026-01-18 01:12:57.462945
748,Cristo Jesus Nossa esperança,,1,,2026-01-18 01:12:57.660962
738,Cristo Jesus nossa esperança,,1,,2026-01-18 01:12:57.647653
599,Cristo Jesus nossa vida,,1,,2026-01-18 01:12:57.461470
657,Cristo Nossa Vida,,1,,2026-01-18 01:12:57.539228
722,Cristo a vida eterna…,,1,,2026-01-18 01:12:57.625781
72,Cântico C06- (Harmonia Alternativa),,1,,2026-01-18 01:12:56.747868
78,DT,,1,,2026-01-18 01:12:56.756122
421,DT (Se Tu olhares),,1,,2026-01-18 01:12:57.213160
126,DVD Dançando na Presença de Deus,,1,,2026-01-18 01:12:56.818145
125,DVD Dançando na presença de Deus,,1,,2026-01-18 01:12:56.817145
184,DVD Docinho como o Mel,,1,,2026-01-18 01:12:56.894641
123,Dançando na presença de Deus,,1,,2026-01-18 01:12:56.814166
524,De Volta ao Principio,,1,,2026-01-18 01:12:57.353792
255,De Volta ao Princípio,,1,,2026-01-18 01:12:56.992884
246,Desperta Geração,,1,,2026-01-18 01:12:56.979963
7,Deus abençoe a África,,1,,2026-01-18 01:12:56.663629
46,DiscPraise,,1,,2026-01-18 01:12:56.714285
67,Dispensadores da Graça (CGS),,1,,2026-01-18 01:12:56.742233
17,Drops,,1,,2026-01-18 01:12:56.676964
74,E-82,,1,,2026-01-18 01:12:56.750644
20,EU SOU DO MEU AMADO,,1,,2026-01-18 01:12:56.679971
305,Eis que Deus é Minha salvação,,1,,2026-01-18 01:12:57.059314
227,Ensinando no Caminho,,1,,2026-01-18 01:12:56.953174
613,Ensinando no caminho,,1,,2026-01-18 01:12:57.480236
594,Espelho,,1,,2026-01-18 01:12:57.450756
596,Espelho 288,,1,,2026-01-18 01:12:57.457036
761,Esperança do nosso Chamamento,,1,,2026-01-18 01:12:57.678783
677,Esperança do nosso chamamento,,1,,2026-01-18 01:12:57.565136
245,Eu Sou Do Meu Amado,,1,,2026-01-18 01:12:56.979255
73,Eu Sou do Meu Amado,,1,,2026-01-18 01:12:56.750172
604,Eu sou do Meu Amado,,1,,2026-01-18 01:12:57.467470
22,Eu sou do meu Amado,,1,,2026-01-18 01:12:56.683455
44,Eu sou do meu Amado (Ainda que eu fale a língua….),,1,,2026-01-18 01:12:56.712287
646,Eu te Amo meu Amigo Jesus,,1,,2026-01-18 01:12:57.524345
648,Eu te amo meu amigo  Jesus,,1,,2026-01-18 01:12:57.527258
647,Eu te amo meu amigo Jesus,,1,,2026-01-18 01:12:57.525880
4,FVK,,1,,2026-01-18 01:12:56.659361
628,Feliz Abençoado,,1,,2026-01-18 01:12:57.499475
622,Feliz e Abençoado,,1,,2026-01-18 01:12:57.492373
220,Filho Meu,,1,,2026-01-18 01:12:56.943397
645,Filho meu,,1,,2026-01-18 01:12:57.523345
644,Filho meu (Senhor Tu Sabes todas as coisas),,1,,2026-01-18 01:12:57.521339
88,Fluir do Espirito,,1,,2026-01-18 01:12:56.768234
656,Fluir do Espírito,,1,,2026-01-18 01:12:57.538221
192,Fruto da Vida,,1,,2026-01-18 01:12:56.906388
610,Fruto da vida,,1,,2026-01-18 01:12:57.476020
66,Fábrica de Vencedores Kids,,1,,2026-01-18 01:12:56.740237
703,Gerar e Multiplicar,,1,,2026-01-18 01:12:57.600982
19,Grupo Koinonya,,1,,2026-01-18 01:12:56.678972
608,H01,,1,,2026-01-18 01:12:57.473553
607,H02,,1,,2026-01-18 01:12:57.472547
821,H04,,1,,2026-01-18 01:12:57.759925
820,H05,,1,,2026-01-18 01:12:57.758496
819,H06,,1,,2026-01-18 01:12:57.756492
818,H07,,1,,2026-01-18 01:12:57.754951
817,H08,,1,,2026-01-18 01:12:57.753944
816,H10,,1,,2026-01-18 01:12:57.752490
534,H101,,1,,2026-01-18 01:12:57.367570
533,H102,,1,,2026-01-18 01:12:57.366915
810,H11,,1,,2026-01-18 01:12:57.742394
519,H112,,1,,2026-01-18 01:12:57.346726
809,H12,,1,,2026-01-18 01:12:57.742394
808,H13,,1,,2026-01-18 01:12:57.741105
807,H14,,1,,2026-01-18 01:12:57.739637
491,H142,,1,,2026-01-18 01:12:57.308742
806,H16,,1,,2026-01-18 01:12:57.738639
805,H17,,1,,2026-01-18 01:12:57.737568
804,H18,,1,,2026-01-18 01:12:57.735646
793,H19,,1,,2026-01-18 01:12:57.720444
16,H198 – Versão 288,,1,,2026-01-18 01:12:56.675533
792,H20,,1,,2026-01-18 01:12:57.719442
791,H21,,1,,2026-01-18 01:12:57.717445
790,H22,,1,,2026-01-18 01:12:57.716437
789,H23,,1,,2026-01-18 01:12:57.714698
788,H24,,1,,2026-01-18 01:12:57.713088
397,H249,,1,,2026-01-18 01:12:57.181501
787,H25,,1,,2026-01-18 01:12:57.712088
786,H26,,1,,2026-01-18 01:12:57.711090
785,H27,,1,,2026-01-18 01:12:57.710081
376,H273,,1,,2026-01-18 01:12:57.152943
784,H28,,1,,2026-01-18 01:12:57.708379
364,H285,,1,,2026-01-18 01:12:57.137016
783,H29,,1,,2026-01-18 01:12:57.707595
782,H30,,1,,2026-01-18 01:12:57.705593
781,H31,,1,,2026-01-18 01:12:57.704591
341,H318,,1,,2026-01-18 01:12:57.107915
780,H33,,1,,2026-01-18 01:12:57.703584
779,H34,,1,,2026-01-18 01:12:57.702399
778,H35,,1,,2026-01-18 01:12:57.700836
777,H36,,1,,2026-01-18 01:12:57.699283
776,H37,,1,,2026-01-18 01:12:57.698283
775,H38,,1,,2026-01-18 01:12:57.697276
774,H39,,1,,2026-01-18 01:12:57.695615
773,H40,,1,,2026-01-18 01:12:57.694608
772,H41,,1,,2026-01-18 01:12:57.693280
588,H42,,1,,2026-01-18 01:12:57.446818
771,H43,,1,,2026-01-18 01:12:57.692278
585,H44,,1,,2026-01-18 01:12:57.442749
770,H45,,1,,2026-01-18 01:12:57.690971
769,H46,,1,,2026-01-18 01:12:57.688792
768,H47,,1,,2026-01-18 01:12:57.687784
315,H478,,1,,2026-01-18 01:12:57.073573
767,H48,,1,,2026-01-18 01:12:57.686324
766,H49,,1,,2026-01-18 01:12:57.685316
765,H50,,1,,2026-01-18 01:12:57.680128
581,H52,,1,,2026-01-18 01:12:57.437034
580,H53,,1,,2026-01-18 01:12:57.433150
579,H54,,1,,2026-01-18 01:12:57.433150
578,H55,,1,,2026-01-18 01:12:57.433150
577,H56,,1,,2026-01-18 01:12:57.429788
576,H57,,1,,2026-01-18 01:12:57.429788
575,H58,,1,,2026-01-18 01:12:57.427504
574,H59,,1,,2026-01-18 01:12:57.423127
573,H61,,1,,2026-01-18 01:12:57.423127
572,H62,,1,,2026-01-18 01:12:57.423127
571,H63,,1,,2026-01-18 01:12:57.421196
570,H64,,1,,2026-01-18 01:12:57.420196
569,H65,,1,,2026-01-18 01:12:57.419190
568,H66,,1,,2026-01-18 01:12:57.416675
567,H67,,1,,2026-01-18 01:12:57.416169
566,H68,,1,,2026-01-18 01:12:57.414796
565,H69,,1,,2026-01-18 01:12:57.413797
564,H70,,1,,2026-01-18 01:12:57.411789
563,H71,,1,,2026-01-18 01:12:57.409386
562,H72,,1,,2026-01-18 01:12:57.407872
561,H73,,1,,2026-01-18 01:12:57.405870
560,H74,,1,,2026-01-18 01:12:57.404633
559,H75,,1,,2026-01-18 01:12:57.402249
558,H76,,1,,2026-01-18 01:12:57.401636
557,H77,,1,,2026-01-18 01:12:57.399636
556,H78,,1,,2026-01-18 01:12:57.398635
178,H79,,1,,2026-01-18 01:12:56.887376
555,H80,,1,,2026-01-18 01:12:57.397629
554,H81,,1,,2026-01-18 01:12:57.395333
553,H82,,1,,2026-01-18 01:12:57.394728
552,H83,,1,,2026-01-18 01:12:57.392726
551,H84,,1,,2026-01-18 01:12:57.391701
549,H85,,1,,2026-01-18 01:12:57.388324
550,H86,,1,,2026-01-18 01:12:57.390328
548,H87,,1,,2026-01-18 01:12:57.387406
547,H88,,1,,2026-01-18 01:12:57.386408
546,H89,,1,,2026-01-18 01:12:57.384406
545,H90,,1,,2026-01-18 01:12:57.383399
544,H91,,1,,2026-01-18 01:12:57.381458
542,H93,,1,,2026-01-18 01:12:57.379461
132,Harpa Crista CD Voz e Piano,,1,,2026-01-18 01:12:56.826199
153,Hebreus 11-3,,1,,2026-01-18 01:12:56.855122
98,Hillsong,,1,,2026-01-18 01:12:56.781350
823,Hino 02,,1,,2026-01-18 01:12:57.762062
480,Hino 153,,1,,2026-01-18 01:12:57.293280
120,Hino 165,,1,,2026-01-18 01:12:56.810167
471,Hino 166,,1,,2026-01-18 01:12:57.279988
468,Hino 170,,1,,2026-01-18 01:12:57.275920
464,Hino 172,,1,,2026-01-18 01:12:57.270673
176,Hino 178,,1,,2026-01-18 01:12:56.884764
455,Hino 182,,1,,2026-01-18 01:12:57.259132
593,Hino 196,,1,,2026-01-18 01:12:57.450756
395,Hino 251,,1,,2026-01-18 01:12:57.178138
211,Hino 252,,1,,2026-01-18 01:12:56.932153
393,Hino 254,,1,,2026-01-18 01:12:57.175242
392,Hino 255,,1,,2026-01-18 01:12:57.174241
391,Hino 256,,1,,2026-01-18 01:12:57.172628
390,Hino 257,,1,,2026-01-18 01:12:57.171627
389,Hino 258,,1,,2026-01-18 01:12:57.170621
388,Hino 259,,1,,2026-01-18 01:12:57.169372
587,Hino 260,,1,,2026-01-18 01:12:57.445812
386,Hino 261,,1,,2026-01-18 01:12:57.166075
384,Hino 263,,1,,2026-01-18 01:12:57.164069
383,Hino 267,,1,,2026-01-18 01:12:57.162368
141,Hino 270,,1,,2026-01-18 01:12:56.838245
378,Hino 271,,1,,2026-01-18 01:12:57.152943
377,Hino 272,,1,,2026-01-18 01:12:57.152943
601,Hino 276 Melodia Alternativa,,1,,2026-01-18 01:12:57.463954
374,Hino 277,,1,,2026-01-18 01:12:57.150527
361,Hino 289,,1,,2026-01-18 01:12:57.132746
360,Hino 290,,1,,2026-01-18 01:12:57.132353
357,Hino 298,,1,,2026-01-18 01:12:57.128344
356,Hino 299,,1,,2026-01-18 01:12:57.125478
598,Hino 299 Melodia Alternativa,,1,,2026-01-18 01:12:57.460471
345,Hino 312,,1,,2026-01-18 01:12:57.112842
338,Hino 323,,1,,2026-01-18 01:12:57.103235
337,Hino 324,,1,,2026-01-18 01:12:57.102236
335,Hino 326,,1,,2026-01-18 01:12:57.099928
334,Hino 327,,1,,2026-01-18 01:12:57.098927
331,Hino 329,,1,,2026-01-18 01:12:57.094860
326,Hino 335,,1,,2026-01-18 01:12:57.088468
271,Hino 345,,1,,2026-01-18 01:12:57.014584
306,Hino 347,,1,,2026-01-18 01:12:57.060915
265,Hino 351,,1,,2026-01-18 01:12:57.006275
262,Hino 352,,1,,2026-01-18 01:12:57.000463
267,Hino 353,,1,,2026-01-18 01:12:57.009918
258,Hino 358,,1,,2026-01-18 01:12:56.997321
257,Hino 359,,1,,2026-01-18 01:12:56.996323
252,Hino 362,,1,,2026-01-18 01:12:56.988883
251,Hino 363,,1,,2026-01-18 01:12:56.987877
250,Hino 364,,1,,2026-01-18 01:12:56.985882
219,Hino 368,,1,,2026-01-18 01:12:56.942400
209,Hino 373,,1,,2026-01-18 01:12:56.928869
206,Hino 376,,1,,2026-01-18 01:12:56.925873
107,Hino 377,,1,,2026-01-18 01:12:56.793477
224,Hino 380,,1,,2026-01-18 01:12:56.949140
105,Hino 382,,1,,2026-01-18 01:12:56.791131
223,Hino 383,,1,,2026-01-18 01:12:56.947136
104,Hino 386,,1,,2026-01-18 01:12:56.790131
103,Hino 388,,1,,2026-01-18 01:12:56.789124
302,Hino 392,,1,,2026-01-18 01:12:57.056249
295,Hino 406,,1,,2026-01-18 01:12:57.046526
102,Hino 408,,1,,2026-01-18 01:12:56.786931
298,Hino 409,,1,,2026-01-18 01:12:57.048835
63,Hino 411 Da Reunião,,1,,2026-01-18 01:12:56.736658
292,Hino 417,,1,,2026-01-18 01:12:57.042672
296,Hino 421,,1,,2026-01-18 01:12:57.047829
197,Hino 427,,1,,2026-01-18 01:12:56.913888
285,Hino 436,,1,,2026-01-18 01:12:57.032857
195,Hino 437,,1,,2026-01-18 01:12:56.910394
284,Hino 438,,1,,2026-01-18 01:12:57.031860
226,Hino 439,,1,,2026-01-18 01:12:56.952132
194,Hino 441,,1,,2026-01-18 01:12:56.909394
51,Hino 441 -Melodia Alternativa,,1,,2026-01-18 01:12:56.721422
183,Hino 443,,1,,2026-01-18 01:12:56.893643
181,Hino 445,,1,,2026-01-18 01:12:56.891470
180,Hino 446,,1,,2026-01-18 01:12:56.890468
175,Hino 453,,1,,2026-01-18 01:12:56.883765
311,Hino 456,,1,,2026-01-18 01:12:57.068382
602,Hino 458,,1,,2026-01-18 01:12:57.465461
173,Hino 459,,1,,2026-01-18 01:12:56.880802
172,Hino 460,,1,,2026-01-18 01:12:56.879795
170,Hino 462,,1,,2026-01-18 01:12:56.876913
312,Hino 463,,1,,2026-01-18 01:12:57.069389
582,Hino 468,,1,,2026-01-18 01:12:57.438632
168,Hino 470,,1,,2026-01-18 01:12:56.874219
166,Hino 471,,1,,2026-01-18 01:12:56.871677
163,Hino 474,,1,,2026-01-18 01:12:56.867421
354,Hino 475,,1,,2026-01-18 01:12:57.123479
281,Hino 483,,1,,2026-01-18 01:12:57.028198
162,Hino 484,,1,,2026-01-18 01:12:56.866413
161,Hino 485,,1,,2026-01-18 01:12:56.864839
160,Hino 486,,1,,2026-01-18 01:12:56.863835
159,Hino 487,,1,,2026-01-18 01:12:56.862837
158,Hino 488,,1,,2026-01-18 01:12:56.861789
157,Hino 492,,1,,2026-01-18 01:12:56.860329
156,Hino 493,,1,,2026-01-18 01:12:56.858180
277,Hino 496,,1,,2026-01-18 01:12:57.023192
8,Hino Novo,,1,,2026-01-18 01:12:56.664637
14,Hino novo,,1,,2026-01-18 01:12:56.672002
618,Hino para Mulheres Cristãs,,1,,2026-01-18 01:12:57.485549
532,Hino-103,,1,,2026-01-18 01:12:57.364916
529,Hino-106,,1,,2026-01-18 01:12:57.360650
603,Hino-11,,1,,2026-01-18 01:12:57.466469
525,Hino-110,,1,,2026-01-18 01:12:57.355762
516,Hino-115,,1,,2026-01-18 01:12:57.343319
514,Hino-117,,1,,2026-01-18 01:12:57.339782
513,Hino-119,,1,,2026-01-18 01:12:57.339782
506,Hino-129,,1,,2026-01-18 01:12:57.330182
503,Hino-131,,1,,2026-01-18 01:12:57.325897
502,Hino-132,,1,,2026-01-18 01:12:57.324250
501,Hino-133,,1,,2026-01-18 01:12:57.323244
497,Hino-136,,1,,2026-01-18 01:12:57.316640
496,Hino-137,,1,,2026-01-18 01:12:57.312027
493,Hino-139,,1,,2026-01-18 01:12:57.311233
490,Hino-143,,1,,2026-01-18 01:12:57.307743
488,Hino-145,,1,,2026-01-18 01:12:57.305743
487,Hino-146,,1,,2026-01-18 01:12:57.302942
486,Hino-147,,1,,2026-01-18 01:12:57.302942
485,Hino-148,,1,,2026-01-18 01:12:57.299221
484,Hino-149,,1,,2026-01-18 01:12:57.299221
481,Hino-152,,1,,2026-01-18 01:12:57.294827
477,Hino-157,,1,,2026-01-18 01:12:57.286627
475,Hino-158,,1,,2026-01-18 01:12:57.285547
476,Hino-159,,1,,2026-01-18 01:12:57.286627
473,Hino-162,,1,,2026-01-18 01:12:57.283044
274,Hino-163,,1,,2026-01-18 01:12:57.018420
472,Hino-164,,1,,2026-01-18 01:12:57.280987
462,Hino-173,,1,,2026-01-18 01:12:57.267674
453,Hino-185,,1,,2026-01-18 01:12:57.256117
446,Hino-193,,1,,2026-01-18 01:12:57.246732
445,Hino-195,,1,,2026-01-18 01:12:57.244771
444,Hino-196,,1,,2026-01-18 01:12:57.243604
438,Hino-205,,1,,2026-01-18 01:12:57.235179
436,Hino-207,,1,,2026-01-18 01:12:57.233172
433,Hino-210,,1,,2026-01-18 01:12:57.228650
432,Hino-211,,1,,2026-01-18 01:12:57.227650
427,Hino-216,,1,,2026-01-18 01:12:57.221132
426,Hino-217,,1,,2026-01-18 01:12:57.219988
425,Hino-218,,1,,2026-01-18 01:12:57.216723
589,Hino-226,,1,,2026-01-18 01:12:57.447818
415,Hino-230,,1,,2026-01-18 01:12:57.204668
410,Hino-236,,1,,2026-01-18 01:12:57.197939
408,Hino-238,,1,,2026-01-18 01:12:57.195933
407,Hino-239,,1,,2026-01-18 01:12:57.194797
404,Hino-242,,1,,2026-01-18 01:12:57.190900
403,Hino-243,,1,,2026-01-18 01:12:57.189891
402,Hino-244,,1,,2026-01-18 01:12:57.188342
401,Hino-245,,1,,2026-01-18 01:12:57.187113
398,Hino-248,,1,,2026-01-18 01:12:57.183104
362,Hino-287,,1,,2026-01-18 01:12:57.135006
538,Hino-97,,1,,2026-01-18 01:12:57.372960
537,Hino-98,,1,,2026-01-18 01:12:57.371961
21,Hinos Novos,,1,,2026-01-18 01:12:56.682361
18,Igreja em BH,,1,,2026-01-18 01:12:56.677970
270,Igreja em Teresina,,1,,2026-01-18 01:12:57.013154
631,Imensurável Amor,,1,,2026-01-18 01:12:57.503668
625,Imensurável amor,,1,,2026-01-18 01:12:57.496537
54,Infantil,,1,,2026-01-18 01:12:56.725634
35,Infantil FVK,,1,,2026-01-18 01:12:56.699940
681,Infinita Gratidão,,1,,2026-01-18 01:12:57.570892
764,Infinita gratidão,,1,,2026-01-18 01:12:57.680128
665,Invocarei o Nome do Senhor,,1,,2026-01-18 01:12:57.550303
31,Ipalpha,,1,,2026-01-18 01:12:56.694831
118,Jav,,1,,2026-01-18 01:12:56.808159
96,Jesus,,1,,2026-01-18 01:12:56.779353
242,Jesus No Controle,,1,,2026-01-18 01:12:56.975247
185,Jesus e Cia Ltda,,1,,2026-01-18 01:12:56.896366
240,Jesus no Controle,,1,,2026-01-18 01:12:56.972466
624,Jesus no controle,,1,,2026-01-18 01:12:57.494470
50,Junto as Águas,,1,,2026-01-18 01:12:56.719477
36,Juntos as águas,,1,,2026-01-18 01:12:56.700945
307,Laura Souguellis,,1,,2026-01-18 01:12:57.061921
238,Laços de Amor,,1,,2026-01-18 01:12:56.969466
216,Louvai a Deus Com Alegria,,1,,2026-01-18 01:12:56.938350
215,Louvai a Deus com Alegria,,1,,2026-01-18 01:12:56.937152
213,Louvai a Deus com a Alegria,,1,,2026-01-18 01:12:56.935156
124,Luva Lulu,,1,,2026-01-18 01:12:56.816140
85,Luz da Vida,,1,,2026-01-18 01:12:56.765236
442,Mais de Cristo,,1,,2026-01-18 01:12:57.240602
39,Mais que Vencedores,,1,,2026-01-18 01:12:56.704731
135,Maravilhoso Olhar,,1,,2026-01-18 01:12:56.829200
23,Mariana Valadão,,1,,2026-01-18 01:12:56.684461
49,Melodia Alternativa,,1,,2026-01-18 01:12:56.718475
193,Melodia Alternativa CD – Tocou-me,,1,,2026-01-18 01:12:56.907393
52,Melodia Castelo Forte,,1,,2026-01-18 01:12:56.723189
134,Memórias,,1,,2026-01-18 01:12:56.828200
58,Morada,,1,,2026-01-18 01:12:56.729369
520,Na Tua Luz Vemos a Luz,,1,,2026-01-18 01:12:57.348924
521,Na Tua Luz vemos a Luz,,1,,2026-01-18 01:12:57.349930
522,Na Tua Vemos a Luz,,1,,2026-01-18 01:12:57.350933
89,No Santo dos Santos,,1,,2026-01-18 01:12:56.770611
128,No Santos dos Santos,,1,,2026-01-18 01:12:56.821191
3,Nos Braços do Pai,,1,,2026-01-18 01:12:56.658363
202,Nos Santos dos Santos,,1,,2026-01-18 01:12:56.919734
690,Nossas memórias…,,1,,2026-01-18 01:12:57.583581
30,Nosso Destino,,1,,2026-01-18 01:12:56.692849
687,Não Andeis preocupados,,1,,2026-01-18 01:12:57.579815
221,Não Pararei de Correr,,1,,2026-01-18 01:12:56.945108
732,Não andeis Preocupados,,1,,2026-01-18 01:12:57.639920
801,Não andeis ansiosos,,1,,2026-01-18 01:12:57.728405
733,Não andeis preocupado,,1,,2026-01-18 01:12:57.640927
632,Não pararei de correr,,1,,2026-01-18 01:12:57.504670
641,O Anelo do Rei,,1,,2026-01-18 01:12:57.517200
91,O Bom Depósito,,1,,2026-01-18 01:12:56.772577
467,O Dia vem!,,1,,2026-01-18 01:12:57.274920
744,O Evangelho Tem Que Avançar,,1,,2026-01-18 01:12:57.655479
708,O Evangelho Tem que Avançar,,1,,2026-01-18 01:12:57.607238
747,O Evangelho tem que Avançar,,1,,2026-01-18 01:12:57.659955
724,O Evangelho tem que avançar,,1,,2026-01-18 01:12:57.628790
726,O Fluir do Espirito,,1,,2026-01-18 01:12:57.631115
6,O Fluir do Espírito,,1,,2026-01-18 01:12:56.662366
190,O Fruto da Vida,,1,,2026-01-18 01:12:56.903428
813,O Imensurável Amor,,1,,2026-01-18 01:12:57.747750
814,O Imensurável Amor de Deus,,1,,2026-01-18 01:12:57.749493
637,O Imensurável amor,,1,,2026-01-18 01:12:57.511215
133,O Semeador,,1,,2026-01-18 01:12:56.827192
237,O Senhor Insiste em me Fazer Reinar,,1,,2026-01-18 01:12:56.968459
235,O Senhor Insiste em me Fazer reinar,,1,,2026-01-18 01:12:56.966041
332,O Senhor da Esperança,,1,,2026-01-18 01:12:57.095868
623,O Senhor insiste em me fazer Reinar,,1,,2026-01-18 01:12:57.493925
179,O24,,1,,2026-01-18 01:12:56.888374
2,Oh Deus abençoe a Àfrica,,1,,2026-01-18 01:12:56.657355
217,Os Grandes Heróis da Bíblia,,1,,2026-01-18 01:12:56.939400
701,Os Vencedores,,1,,2026-01-18 01:12:57.598495
372,Pelo Senhor Marchamos sim..,,1,,2026-01-18 01:12:57.147341
34,Projeto Sola,,1,,2026-01-18 01:12:56.698941
24,Públio Alves,,1,,2026-01-18 01:12:56.685463
317,Regozijai-Vos Sempre,,1,,2026-01-18 01:12:57.077305
142,Regozijai-vos,,1,,2026-01-18 01:12:56.839244
75,Regozijai-vos Sempre,,1,,2026-01-18 01:12:56.752647
671,Resgatados,,1,,2026-01-18 01:12:57.557344
316,Rio da água da vida,,1,,2026-01-18 01:12:57.075626
725,Rios de Água Viva,,1,,2026-01-18 01:12:57.629788
630,S,,1,,2026-01-18 01:12:57.502670
621,S107,,1,,2026-01-18 01:12:57.490374
626,S109,,1,,2026-01-18 01:12:57.497537
640,S110,,1,,2026-01-18 01:12:57.515201
635,S118,,1,,2026-01-18 01:12:57.509217
634,S119,,1,,2026-01-18 01:12:57.507208
620,S125,,1,,2026-01-18 01:12:57.489373
619,S129,,1,,2026-01-18 01:12:57.488365
629,S138,,1,,2026-01-18 01:12:57.501670
737,S43,,1,,2026-01-18 01:12:57.646647
655,S52 CD-O Fluir do Espírito,,1,,2026-01-18 01:12:57.536530
654,S62,,1,,2026-01-18 01:12:57.535522
653,S63,,1,,2026-01-18 01:12:57.533276
707,S75,,1,,2026-01-18 01:12:57.606231
706,S76,,1,,2026-01-18 01:12:57.604369
702,S82,,1,,2026-01-18 01:12:57.599877
700,S86,,1,,2026-01-18 01:12:57.596727
698,S88,,1,,2026-01-18 01:12:57.594247
697,S89,,1,,2026-01-18 01:12:57.592328
652,S93,,1,,2026-01-18 01:12:57.532269
650,S95,,1,,2026-01-18 01:12:57.529028
643,S99,,1,,2026-01-18 01:12:57.519986
583,"Sair, Gerar, Cuidar",,1,,2026-01-18 01:12:57.439639
463,Salmo 51 CD Voz e Piano,,1,,2026-01-18 01:12:57.268675
77,Salmos 19: 4,,1,,2026-01-18 01:12:56.754645
605,Santo Serei,,1,,2026-01-18 01:12:57.469831
616,Santo serei,,1,,2026-01-18 01:12:57.483551
617,"Santo, Santo, Santo",,1,,2026-01-18 01:12:57.485549
129,Santos dos Santos,,1,,2026-01-18 01:12:56.822196
699,Semeador,,1,,2026-01-18 01:12:57.595255
318,Senhor Eu Amo a Ti,,1,,2026-01-18 01:12:57.078396
55,Senhor eu Amo a Ti,,1,,2026-01-18 01:12:56.726913
234,Senhor eu amo a Ti,,1,,2026-01-18 01:12:56.964041
138,Ser Um Jovem Para Deus,,1,,2026-01-18 01:12:56.833990
137,Ser Um Jovem para Deus,,1,,2026-01-18 01:12:56.832516
139,Ser um Jovem Para Deus,,1,,2026-01-18 01:12:56.835244
40,Ser um Jovem para Deus,,1,,2026-01-18 01:12:56.706730
82,Solta o Pino da Granada,,1,,2026-01-18 01:12:56.761526
414,Solta o pino da granada,,1,,2026-01-18 01:12:57.203670
33,Sonho,,1,,2026-01-18 01:12:56.696940
117,Sou Criança Sou Feliz,,1,,2026-01-18 01:12:56.807239
92,Sou Criança sou Feliz,,1,,2026-01-18 01:12:56.774575
328,Sou Do Senhor,,1,,2026-01-18 01:12:57.090965
69,Sou dispensador,,1,,2026-01-18 01:12:56.744868
47,Sublime Privilegio,,1,,2026-01-18 01:12:56.716438
642,Sublime Privilégio,,1,,2026-01-18 01:12:57.518200
825,Sublime Privilégio,,1,,2026-01-31 23:34:12.969395
48,Te amo Deus,,1,,2026-01-18 01:12:56.717474
230,Tempo de Colher,,1,,2026-01-18 01:12:56.958575
76,Theo e Mia,,1,,2026-01-18 01:12:56.753646
210,Toca nos meus olhos,,1,,2026-01-18 01:12:56.930872
144,Tocou-me,,1,,2026-01-18 01:12:56.843228
97,Toque no altar,,1,,2026-01-18 01:12:56.780351
80,Vem com Josué lutar em Jericó,,1,,2026-01-18 01:12:56.758524
122,Vida Interior,,1,,2026-01-18 01:12:56.813165
140,Vida Saudável,,1,,2026-01-18 01:12:56.837244
9,Vida em Crescimento,,1,,2026-01-18 01:12:56.665636
109,Videira Verdadeira,,1,,2026-01-18 01:12:56.796439
152,Vineyard,,1,,2026-01-18 01:12:56.853403
28,Voar com Aguia,,1,,2026-01-18 01:12:56.690848
29,Voar como Aguia,,1,,2026-01-18 01:12:56.691847
65,Voar como Águia,,1,,2026-01-18 01:12:56.739236
131,Voz e Piano,,1,,2026-01-18 01:12:56.824198
504,favo de Mel,,1,,2026-01-18 01:12:57.326624
12,hino Novo,,1,,2026-01-18 01:12:56.669998
11,hino novo,,1,,2026-01-18 01:12:56.668165
27,hino novo conferência fevereiro 2024,,1,,2026-01-18 01:12:56.689841
86,kids,,1,,2026-01-18 01:12:56.766233
87,melodia alternativa,,1,,2026-01-18 01:12:56.768234
43,melodia alternativa opção 2,,1,,2026-01-18 01:12:56.710287
664,no-name,,1,,2026-01-18 01:12:57.548810
189,o Fruto da Vida,,1,,2026-01-18 01:12:56.901714
268,templo,,1,,2026-01-18 01:12:57.011155
370,uma só vez,,1,,2026-01-18 01:12:57.144658
25,vem e vê,,1,,2026-01-18 01:12:56.686462
79,versão Alternativa,,1,,2026-01-18 01:12:56.757487
815,Água Viva,,1,,2026-01-18 01:12:57.751491
704,Ó Deus Abençoe a África,,1,,2026-01-18 01:12:57.601985
705,Ó Deus abençoe a África,,1,,2026-01-18 01:12:57.603653
